<profile version="1.0">
  <option name="myName" value="Default" />
  <inspection_tool class="AlphaUnsortedPropertiesFile" enabled="true" level="WEAK WARNING" enabled_by_default="true" />
  <inspection_tool class="DuplicatePropertyInspection" enabled="true" level="WARNING" enabled_by_default="true" />
  <inspection_tool class="InconsistentLineSeparators" enabled="true" level="WARNING" enabled_by_default="true" />
  <inspection_tool class="LongLine" enabled="true" level="WARNING" enabled_by_default="true" />
  <inspection_tool class="ProblematicWhitespace" enabled="true" level="WARNING" enabled_by_default="true" />
  <inspection_tool class="PyArgumentEqualDefaultInspection" enabled="true" level="WEAK WARNING" enabled_by_default="true" />
  <inspection_tool class="PyAugmentAssignmentInspection" enabled="true" level="WEAK WARNING" enabled_by_default="true" />
  <inspection_tool class="PyClassicStyleClassInspection" enabled="true" level="WARNING" enabled_by_default="true" />
  <inspection_tool class="PyCompatibilityInspection" enabled="true" level="WARNING" enabled_by_default="true">
    <option name="ourVersions">
      <value>
        <list size="2">
          <item index="0" class="java.lang.String" itemvalue="2.7" />
          <item index="1" class="java.lang.String" itemvalue="3.10" />
        </list>
      </value>
    </option>
  </inspection_tool>
  <inspection_tool class="PyMandatoryEncodingInspection" enabled="true" level="WARNING" enabled_by_default="true" />
  <inspection_tool class="PyMissingOrEmptyDocstringInspection" enabled="true" level="WEAK WARNING" enabled_by_default="true" />
  <inspection_tool class="PyMissingTypeHintsInspection" enabled="true" level="WEAK WARNING" enabled_by_default="true" />
  <inspection_tool class="PyPackageRequirementsInspection" enabled="true" level="WARNING" enabled_by_default="true">
    <option name="ignoredPackages">
      <value>
        <list size="21">
          <item index="0" class="java.lang.String" itemvalue="krbcontext" />
          <item index="1" class="java.lang.String" itemvalue="impyla" />
          <item index="2" class="java.lang.String" itemvalue="Werkzeug" />
          <item index="3" class="java.lang.String" itemvalue="setuptools" />
          <item index="4" class="java.lang.String" itemvalue="flask-restful" />
          <item index="5" class="java.lang.String" itemvalue="numpy" />
          <item index="6" class="java.lang.String" itemvalue="requests" />
          <item index="7" class="java.lang.String" itemvalue="gunicorn" />
          <item index="8" class="java.lang.String" itemvalue="Jinja2" />
          <item index="9" class="java.lang.String" itemvalue="redis" />
          <item index="10" class="java.lang.String" itemvalue="bit-array" />
          <item index="11" class="java.lang.String" itemvalue="cos-python-sdk-v5" />
          <item index="12" class="java.lang.String" itemvalue="thriftpy" />
          <item index="13" class="java.lang.String" itemvalue="thriftpy2" />
          <item index="14" class="java.lang.String" itemvalue="Flask-APScheduler" />
          <item index="15" class="java.lang.String" itemvalue="pip" />
          <item index="16" class="java.lang.String" itemvalue="utils" />
          <item index="17" class="java.lang.String" itemvalue="thrift" />
          <item index="18" class="java.lang.String" itemvalue="gevent" />
          <item index="19" class="java.lang.String" itemvalue="flask" />
          <item index="20" class="java.lang.String" itemvalue="gssapi" />
        </list>
      </value>
    </option>
  </inspection_tool>
  <inspection_tool class="RegExpAnonymousGroup" enabled="true" level="WARNING" enabled_by_default="true" />
  <inspection_tool class="RestRoleInspection" enabled="true" level="WARNING" enabled_by_default="true">
    <option name="ignoredRoles">
      <value>
        <list size="0" />
      </value>
    </option>
  </inspection_tool>
  <inspection_tool class="TodoComment" enabled="true" level="WARNING" enabled_by_default="true" />
  <inspection_tool class="UnusedDefine" enabled="true" level="WARNING" enabled_by_default="true" />
</profile>