<keymap version="1" name="Eclipse copy" parent="Eclipse">
  <action id="CloseActiveTab" />
  <action id="CloseContent">
    <keyboard-shortcut first-keystroke="ctrl w" />
  </action>
  <action id="Console.TableResult.CloneRow" />
  <action id="Console.TableResult.NextPage" />
  <action id="DatabaseView.CopyAction" />
  <action id="EditorDuplicate">
    <keyboard-shortcut first-keystroke="ctrl alt down" />
    <keyboard-shortcut first-keystroke="ctrl alt up" />
  </action>
  <action id="EditorDuplicateLines" />
  <action id="EditorScrollToCenter" />
  <action id="GuiDesigner.Duplicate" />
  <action id="HideAllWindows">
    <keyboard-shortcut first-keystroke="ctrl m" />
  </action>
  <action id="RunDashboard.CopyConfiguration" />
  <action id="Scala.ShowImplicits">
    <keyboard-shortcut first-keystroke="shift ctrl alt equals" />
    <keyboard-shortcut first-keystroke="shift ctrl alt add" />
  </action>
  <action id="ScrollTreeToCenter" />
  <action id="UsageFiltering.WriteAccess" />
  <action id="Vcs.ShowMessageHistory">
    <keyboard-shortcut first-keystroke="ctrl e" />
  </action>
  <action id="XDebugger.CopyWatch" />
</keymap>