<application>
  <component name="FileTypeManager" version="18">
    <ignoreFiles list="*$py.class;*.pyc;*.pyo;*.rbc;*.yarb;*~;.DS_Store;.git;.hg;.svn;CVS;__pycache__;_svn;vssver.scc;vssver2.scc" />
    <extensionMap>
      <mapping pattern="202训练总结" type="AUTO_DETECTED" />
      <mapping pattern="训练总结" type="AUTO_DETECTED" />
      <mapping pattern="202训练总结.txt" type="AUTO_DETECTED" />
      <mapping pattern="readme" type="AUTO_DETECTED" />
      <mapping pattern="训练记录.txt" type="AUTO_DETECTED" />
      <mapping ext="out" type="PLAIN_TEXT" />
      <mapping ext="pkl" type="PLAIN_TEXT" />
      <mapping ext="model" type="PLAIN_TEXT" />
      <mapping ext="sql " type="PLAIN_TEXT" />
      <removed_mapping ext="csv" approved="true" type="PLAIN_TEXT" />
      <removed_mapping ext="xls" approved="true" type="Native" />
      <removed_mapping ext="xlsx" approved="true" type="Native" />
    </extensionMap>
  </component>
</application>