<application>
  <component name="ProjectManager">
    <defaultProject>
      <component name="ProjectInspectionProfilesVisibleTreeState">
        <entry key="Project Default">
          <profile-state>
            <expanded-state>
              <State>
                <id />
              </State>
            </expanded-state>
            <selected-state>
              <State>
                <id>Buildout</id>
              </State>
            </selected-state>
          </profile-state>
        </entry>
      </component>
      <component name="ProjectRootManager" version="2" project-jdk-name="Python 3.6.1 (G:\Anaconda3\python.exe)" project-jdk-type="Python SDK" />
      <component name="PropertiesComponent">
        <property name="settings.editor.selected.configurable" value="configurable.group.editor" />
        <property name="last_opened_file_path" value="G:/Anaconda3/python.exe" />
      </component>
      <component name="PyConsoleOptionsProvider">
        <option name="myPythonConsoleState">
          <console-settings sdk-home="G:\Anaconda3\python.exe">
            <option name="mySdkHome" value="G:\Anaconda3\python.exe" />
          </console-settings>
        </option>
      </component>
      <component name="VcsContentAnnotationSettings">
        <option name="myLimit" value="2678400000" />
      </component>
    </defaultProject>
  </component>
</application>