<application>
  <component name="UISettings">
    <option name="COLOR_BLINDNESS" value="deuteranopia" />
    <option name="CONSOLE_COMMAND_HISTORY_LIMIT" value="1000" />
    <option name="CONSOLE_CYCLE_BUFFER_SIZE_KB" value="18096" />
    <option name="FONT_FACE" value="Courier New" />
    <option name="FONT_SCALE" value="1.5" />
    <option name="FONT_SIZE" value="20" />
    <option name="HIDE_TOOL_STRIPES" value="false" />
    <option name="MAX_LOOKUP_WIDTH2" value="1189" />
    <option name="OVERRIDE_CONSOLE_CYCLE_BUFFER_SIZE" value="true" />
    <option name="OVERRIDE_NONIDEA_LAF_FONTS" value="true" />
  </component>
</application>