<keymap version="1" name="Eclipse copy" parent="Eclipse">
  <action id="Arrangement.Alias.Rule.Match.Condition.Move.Down" />
  <action id="Arrangement.Rule.Group.Condition.Move.Down" />
  <action id="Arrangement.Rule.Group.Condition.Move.Up" />
  <action id="Arrangement.Rule.Match.Condition.Move.Down" />
  <action id="Arrangement.Rule.Match.Condition.Move.Up" />
  <action id="CloseActiveTab" />
  <action id="CloseContent">
    <keyboard-shortcut first-keystroke="ctrl w" />
  </action>
  <action id="Console.Execute" />
  <action id="Console.Execute.Multiline">
    <keyboard-shortcut first-keystroke="enter" />
  </action>
  <action id="EditorDuplicate">
    <keyboard-shortcut first-keystroke="ctrl alt down" />
    <keyboard-shortcut first-keystroke="ctrl alt up" />
  </action>
  <action id="EditorDuplicateLines" />
  <action id="EditorScrollToCenter" />
  <action id="FindNext">
    <keyboard-shortcut first-keystroke="enter" />
  </action>
  <action id="HideAllWindows">
    <keyboard-shortcut first-keystroke="ctrl m" />
  </action>
  <action id="MoveLineDown">
    <keyboard-shortcut first-keystroke="alt down" />
  </action>
  <action id="MoveLineUp">
    <keyboard-shortcut first-keystroke="alt up" />
  </action>
  <action id="MoveStatementDown" />
  <action id="MoveStatementUp" />
  <action id="NextTemplateVariable">
    <keyboard-shortcut first-keystroke="enter" />
  </action>
  <action id="ShowContent" />
  <action id="ShowSearchHistory" />
  <action id="SplitChooser.Split" />
  <action id="UsageFiltering.WriteAccess" />
  <action id="UsageView.ShowRecentFindUsages" />
  <action id="Vcs.ShowMessageHistory">
    <keyboard-shortcut first-keystroke="ctrl e" />
  </action>
  <action id="tasks.close" />
</keymap>